--1) CNO이 PK인 COURSE_PK 테이블을 생성하세요.(1번 방식으로)
CREATE TABLE COURSE_PK(
	CNO VARCHAR2(8) PRIMARY KEY,
	CNAME VARCHAR2(20),
	ST_NUM NUMBER(1),
	PNO VARCHAR2(8)
)



--2) PNO이 PK인 PROFESSOR_PK 테이블을 생성하세요.(2번 방식으로)
CREATE TABLE PROFESSOR_PK(
	PNO VARCHAR2(8), 
	CONSTRAINT PROFESSOR_PK_PNO PRIMARY KEY(PNO),
	PNAME VARCHAR2(20),
	SECTION VARCHAR2(20),
	ORDERS VARCHAR2(10),
	HIREDATE DATE
)

--3) PF_TEMP 테이블에 PNO을 PK로 추가하세요.
ALTER TABLE PF_TEMP ADD CONSTRAINT PNO_PK PRIMARY KEY(PNO);

SELECT *
FROM PF_TEMP;

--4) COURSE_PROFESSOR 테이블에 CNO, PNO을 PK로 추가하세요.
ALTER TABLE COURSE_PROFESSOR ADD CONSTRAINT CP_CNO_PNO_PK PRIMARY KEY(CNO, PNO);

CREATE TABLE COURSE_PROFESSOR(
	CNO VARCHAR2(8),
	PNO VARCHAR2(8),
	CNAME VARCHAR2(20),
	PNAME VARCHAR2(20)
);

SELECT *
FROM COURSE_PROFESSOR;

--5) BOARD_NO(NUMBER)를 PK로 갖으면서 BOARD_TITLE(VARCHAR2(200)), BOARD_CONTENT(VARCHAR2(2000)), 
--   BOARD_WRITER(VARCHAR2(20)), BOARD_FRGT_DATE(DATE), BOARD_LMDF_DATE(DATE) 
--	 컬럼을 갖는 T_BOARD 테이블을 생성하세요.
CREATE TABLE T_BOARD(
	BOARD_NO NUMBER(10),
	BOARD_TITLE VARCHAR2(200),
	BOARD_CONTENT VARCHAR2(2000),
	BOARD_WRITER VARCHAR2(20),
	BOARD_FRGT_DATE DATE,
	BOARD_LMDF_DATE DATE,
	CONSTRAINT BOARD_NO_PK PRIMARY KEY(BOARD_NO)
);
INSERT INTO T_BOARD
VALUES (1, 'BOBAESJ', 'BOBAESJ', 'SANGJIN', SYSDATE, SYSDATE);
INSERT INTO T_BOARD
VALUES (2, 'BOBAESH', 'BOBAESH', 'SANGHEE', SYSDATE, SYSDATE);
-- BOARD_NO를 PK로 설정해서 중복값 저장할 수 없다
INSERT INTO T_BOARD
VALUES (1, 'BOBAESH', 'BOBAESH', 'SANGHEE', SYSDATE, SYSDATE);

SELECT *
FROM T_BOARD;

--6) BOARD_NO(NUMBER), BOARD_FILE_NO(NUMBER)를 PK로 갖으면서 BOARD_FILE_NM(VARCHAR2(200)), 
--   BOARD_FILE_PATH(VARCHAR2(2000)),
--   ORIGIN_FILE_NM(VARCHAR2(200)) 컬럼을 갖는 T_BOARD_FILE 테이블을 생성하세요.

CREATE TABLE T_BOARD_FILE(
	BOARD_NO NUMBER(10),
	BOARD_FILE_NO NUMBER(10),
	BOARD_FILE_NM VARCHAR2(200),
	BOARD_FILE_PATH VARCHAR2(2000),
	ORIGIN_FILE_NM VARCHAR2(200),
	CONSTRAINT BOARD_NO_FILE_NO_PK PRIMARY KEY (BOARD_NO, BOARD_FILE_NO)
);
INSERT INTO T_BOARD_FILE
VALUES(1, 1, 'BOBAESJ', 'BOBAESJ', 'LEE');

SELECT *
FROM T_BOARD_FILE;


--7) 다음 구조를 갖는 테이블을 생성하세요.
--   T_SNS                              T_SNS_DETAIL                        T_SNS_UPLOADED
--   SNS_NO(PK)    SNS_NM               SNS_NO(PK, FK)   SNS_BEN            SNS_NO(PK, FK)    SNS_UPL_NO(PK)
--     1            페북                   1               4000                   1                  1
--     2           인스타                  2               10000                  1                  2
--     3           트위터                  3               30000                  2                  1
--                                                                               2                  2

CREATE TABLE T_SNS(
	SNS_NO NUMBER(10),
	SNS_NM VARCHAR2(20),
	CONSTRAINT SNS_NO_PK PRIMARY KEY(SNS_NO)
	);
INSERT INTO T_SNS
VALUES(1, '페북');
INSERT INTO T_SNS
VALUES(2, '인스타');
INSERT INTO T_SNS
VALUES(3, '트위터');

SELECT *
FROM T_SNS;

--
CREATE TABLE T_SNS_DETAIL(
	SNS_NO NUMBER(10),
	SNS_BEN VARCHAR2(20),
	CONSTRAINT SNS_NO_DETAIL_PK PRIMARY KEY(SNS_NO),
	CONSTRAINT SNS_NO_DETAIL_FK FOREIGN KEY(SNS_NO) 
	REFERENCES T_SNS(SNS_NO)
	);
INSERT INTO T_SNS_DETAIL 
VALUES(1, '4000');
INSERT INTO T_SNS_DETAIL 
VALUES(2, '10000');
INSERT INTO T_SNS_DETAIL 
VALUES(3, '30000');

SELECT *
FROM T_SNS_DETAIL;
--

CREATE TABLE T_SNS_UPLOADED(
	SNS_NO NUMBER(10),
	SNS_UPL_NO NUMBER(10),
	CONSTRAINT SNO_NO_UPL_PK PRIMARY KEY(SNS_NO, SNS_UPL_NO),
	CONSTRAINT SNO_NO_UPL_FK FOREIGN KEY(SNS_NO) REFERENCES T_SNS(SNS_NO)
	);

INSERT INTO T_SNS_UPLOADED 
VALUES (1, 1);
INSERT INTO T_SNS_UPLOADED 
VALUES (1, 2);
INSERT INTO T_SNS_UPLOADED 
VALUES (2, 1);
INSERT INTO T_SNS_UPLOADED 
VALUES (2, 2);

SELECT *
FROM T_SNS_UPLOADED;

